{
  "trang tìm kiếm": {
    "content": {
      "title": "Search Page",
      "subtitle": "Customize your search page",
      "themeColor": "#ffcc00",
      "searchPlaceholder": "Search...",
      "features": [
        {
          "title": "Search Feature 1",
          "description": "Description for search feature."
        }
      ]
    },
    "fields": [
      { "name": "title", "label": "Title", "type": "text" },
      { "name": "subtitle", "label": "Subtitle", "type": "text" },
      { "name": "themeColor", "label": "Theme Color", "type": "color" },
      { "name": "searchPlaceholder", "label": "Search Placeholder", "type": "text" }
    ]
  },

  "trang chia sẻ": {
    "content": {
      "title": "Share Page",
      "subtitle": "Customize your share page",
      "themeColor": "#00ccff",
      "shareButtons": ["Facebook", "Twitter", "Copy Link"],
      "features": [
        {
          "title": "Share Feature 1",
          "description": "Description for share feature."
        }
      ]
    },
    "fields": [
      { "name": "title", "label": "Title", "type": "text" },
      { "name": "subtitle", "label": "Subtitle", "type": "text" },
      { "name": "themeColor", "label": "Theme Color", "type": "color" },
      { "name": "shareButtons", "label": "Share Buttons", "type": "tags" }
    ]
  }
}
